accuracy,precision,recall,f1,model
0.9085365853658537,0.914934628161418,0.9085365853658537,0.9108454349604521,Decision Tree Classification
0.9283536585365854,0.9278499469777307,0.9283536585365854,0.9268399695228964,Logistic Regression
0.8841463414634146,0.8313648390296102,0.8841463414634146,0.8517032842176461,KNN
0.9070121951219512,0.8601349891856176,0.9070121951219512,0.8769554529549898,Support Vector Machine
0.022865853658536585,0.8662481791356963,0.022865853658536585,0.00684980551796983,Naive Bayes
0.913109756097561,0.8911923349005563,0.913109756097561,0.8989855361825134,Linear Discriminant Analysis
