accuracy,precision,recall,f1,model
0.9039634146341463,0.9066582595436095,0.9039634146341463,0.9036304377795376,Decision Tree Classification
0.2820121951219512,0.255596813708843,0.2820121951219512,0.26147543725882444,Logistic Regression
0.5182926829268293,0.5465749105484172,0.5182926829268293,0.5239969205375836,KNN
0.1600609756097561,0.09331839241018855,0.1600609756097561,0.09352754247809587,Support Vector Machine
0.15548780487804878,0.08046266748992825,0.15548780487804878,0.08672159259284788,Naive Bayes
0.22560975609756098,0.22962174416052722,0.22560975609756098,0.2256659877337562,Linear Discriminant Analysis
